id,title,author,isbn,date,availability,narrator
121,Reverse-engineered background complexity,Chad Turner,978-1-207-19949-0,1984-06-05,True,Angela Hawkins
122,Reactive multi-state access,Brenda Merritt,978-0-9871647-4-2,2011-03-23,False,Sean Barnes
123,Function-based multi-state utilization,Hunter Stephenson,978-0-18-841161-4,2007-07-25,False,Robert Cantu
124,Networked encompassing concept,Stacy Riddle MD,978-0-2281-1239-6,1997-06-22,True,Michael Daniels
125,Adaptive system-worthy model,Ryan Ball,978-0-7367-7467-3,2001-08-16,True,Miguel Cortez
126,Multi-channeled context-sensitive challenge,Brandon Stanley,978-1-182-51200-0,2021-08-13,True,Alyssa Moore
127,Optimized global protocol,Michael Berry,978-0-292-25062-8,2021-10-02,False,Jeremy Riley
128,User-friendly coherent firmware,Frank Duran,978-1-131-18760-0,1978-05-08,False,Melissa Webb
129,Down-sized composite conglomeration,Corey Strong,978-0-340-67430-7,1991-10-22,False,Lisa Mccoy
130,Innovative uniform info-mediaries,Spencer Lee,978-1-02-697876-4,2023-06-03,False,Rebekah Berry
131,Self-enabling clear-thinking moratorium,Andrea Gilmore,978-0-454-75900-6,2006-09-18,False,Travis Matthews
132,Advanced homogeneous system engine,Jennifer Charles,978-0-7126-0191-7,1986-04-14,False,Joshua Morris
133,Visionary intermediate productivity,Debra Moore,978-1-4600-1303-8,1995-10-17,False,Anita Davis
134,Inverse value-added ability,Perry Rios,978-0-388-64164-4,1979-05-16,True,Mario Gonzalez
135,Networked background workforce,Frank Novak,978-0-01-719402-2,2018-02-16,False,Sarah Trujillo
136,Enterprise-wide uniform task-force,Robert Gamble,978-1-83579-822-5,2021-12-28,True,Stephen Gardner
137,Expanded dynamic workforce,Jason Pena,978-1-58159-865-0,1995-12-23,False,Kristina Warren
138,Cross-platform zero-defect productivity,Linda Peters,978-0-11-660571-9,1978-10-18,True,Jack Owens
139,Advanced client-driven moderator,Michelle Stone,978-0-14-983938-9,2000-08-30,True,Felicia Jackson
140,Customizable multimedia product,Michael Hernandez,978-1-4628-8401-8,2023-10-12,True,Rodney Wolf
