id,title,author,isbn,date,availability,illustrator
101,Innovative multi-state projection,Gina Garner,978-0-906120-66-8,1973-05-20,True,Natalie Freeman
102,Visionary executive info-mediaries,Gregory Jackson,978-0-466-15337-3,1972-04-17,False,Robert Adams
103,Customizable executive matrix,Kristy Clay,978-0-05-535750-2,2022-02-08,True,Kerri Allen
104,Managed uniform migration,Gary Thompson,978-1-923297-88-3,1977-09-29,False,Michelle Rodriguez
105,Digitized global flexibility,Lauren Larson,978-0-398-87286-1,2015-11-21,False,Robert Callahan
106,Secured contextually-based protocol,Brittany Rice,978-0-371-94068-6,2006-07-25,False,Ashley Bright
107,Enhanced static time-frame,Ashley Taylor,978-0-499-01338-5,1993-10-30,False,Scott Dominguez
108,Proactive modular Local Area Network,Corey Williams,978-0-9991463-7-8,1980-07-31,False,Samantha Alexander MD
109,Realigned responsive protocol,Edward Hardy,978-1-7329388-1-6,2001-01-02,False,Amy Keith
110,Total secondary task-force,Tracy Jones,978-0-8073-8028-4,1979-06-16,True,Morgan Flores
111,Multi-tiered asymmetric moratorium,Linda Powers MD,978-0-279-32649-0,2007-12-22,True,Melissa Ward
112,Enhanced impactful emulation,Julie Torres,978-0-919104-72-3,1994-11-02,False,Stacey Johnston
113,Realigned bandwidth-monitored concept,Brian Green,978-1-07-647646-3,2024-09-30,True,Debra Morris
114,Ameliorated static hub,Mary Harris,978-0-611-39252-7,1985-03-23,True,Anthony Wilson
115,Multi-layered leadingedge pricing structure,Amanda Barrett,978-1-57441-730-2,1991-03-08,True,Daniel Morgan
116,Object-based exuding Local Area Network,Lucas Jordan,978-1-130-33102-8,1988-10-18,True,Jerome Vaughn
117,Reactive tertiary data-warehouse,Anthony Watkins,978-1-241-56289-2,1992-09-15,True,Charlotte Gross
118,Implemented bottom-line neural-net,David Dennis,978-1-933969-29-9,2018-05-18,False,Tony Sexton
119,Cross-platform logistical knowledgebase,Karen Cruz,978-0-17-621955-0,2015-12-20,False,Ms. Michelle Jones DDS
120,Team-oriented optimal Internet solution,Micheal Crosby,978-0-9909189-8-1,1970-11-18,False,John Lozano
