id,name,email,phoneNo
1,Paul Boyle,bondduane@gmail.com,1091149426
2,Sara Velasquez,oliverevan@gmail.com,1549759854
3,Michael Lopez,landerson@ramirez.com,6707478061
4,Lisa Ross,danielcaldwell@hotmail.com,1369456892
5,Jamie Hicks,kristinking@hotmail.com,1601279708
6,Briana Brown,travis33@gmail.com,6929142805
7,Corey Diaz,nicole57@yahoo.com,4962468948
8,Justin Kemp,glennjohnson@dorsey.com,9476449194
9,Daniel Hernandez,jamie61@horton.com,1554345635
10,Erin Knight,christopheryu@terry-rivera.com,5667403617
11,Leah Guzman,sherri39@hotmail.com,9020030911
12,Nancy Gray,tiffanyjennings@hotmail.com,5806829454
13,Luke Hernandez,jasminebrooks@cervantes.org,9678779699
14,Jamie Farmer,scottallison@yahoo.com,1633539822
15,Sean Richards,juliaacosta@gmail.com,4403817621
16,James Merritt,mikaylamartin@patterson.net,6564426765
17,Katherine Barnett,samantha22@medina.biz,7141477759
18,Jason Fritz,browntyler@weiss.com,8449521760
19,Carmen Gibson,efaulkner@yahoo.com,5813462981
20,Amanda Wright,todd96@gmail.com,4267960965
21,David Hunt,austinfisher@gmail.com,9540969749
22,Taylor Hill,karencortez@gmail.com,8481196490
23,Kimberly Santana,ibooker@davis.info,2002446002
24,William Henderson,patrick74@villanueva.com,7475199786
25,Charles Chang,reillystephen@yahoo.com,9123113347
26,Melissa Mcdaniel,treeves@hotmail.com,5045022581
27,Timothy Mcguire,joycepratt@yahoo.com,5521894995
28,Kaitlin Morton,kristin32@lopez-bean.info,8608124618
29,Ronald Evans,dmaxwell@yahoo.com,9258990067
30,Nathan Snyder,jessekennedy@smith.org,7711205184
31,Melissa Wells,pkeller@rodriguez-baker.com,2700120038
32,Brandon Armstrong Jr.,hernandezjason@gmail.com,8991788136
33,Casey Ayers,pamelabailey@yahoo.com,1358221521
34,Edward Holmes,eburton@charles.com,6353570244
35,David Wilson,garciajustin@yahoo.com,6650187177
36,Melissa Reynolds,nbowen@hotmail.com,8342549492
37,William Nelson,david65@gmail.com,7709369072
38,Gregory Crawford,mary39@gmail.com,4071202536
39,Stacey Sullivan PhD,tinaparker@peck.com,8076132303
40,Adrian Hall,patelrobert@hotmail.com,7447657035
41,Anna Neal,uwilson@ruiz-jones.info,6094899007
42,Patricia Andrews,sarah32@ware-everett.org,6522006830
43,Mrs. Michelle Aguilar,lwoods@price.net,9036828954
44,Brian Gordon,kayladavis@mccann.com,6756869578
45,Beth Allen,gabriellewillis@carney.com,8145304205
46,Joe Cook,michael35@hotmail.com,3140081217
47,Kevin Anderson,laurenmccoy@gmail.com,1914327840
48,Robert Miller,cavila@hotmail.com,3560935141
49,Tami Simmons,cynthiagordon@shaffer.com,5630328080
50,Jennifer Parker,johnsonchad@yahoo.com,7811982754
